id,title,profile_id,category_id,content,image,snippet,created_at
7a2041df-5c87-4c9c-a09e-50e977d16d49,Discovering the Enchanted Forest,e705dbd2-bec8-4e79-a37b-64df25a98aaf,efe2749a-be87-473e-a071-a259372651d2,Embark on a magical journey through the enchanted forest. Encounter mystical creatures and hidden wonders at every turn.,https://images.unsplash.com/photo-1682685797886-79020b7462a4?ixlib=rb-4.0.3&ixid=M3wxMjA3fDF8MHxlZGl0b3JpYWwtZmVlZHwxfHx8ZW58MHx8fHx8&auto=format&fit=crop&w=500&q=60,Uncover the secrets of the enchanted woods.,2023-09-25T12:00:00Z

d22d413a-29b3-42bf-843f-6efb5d1ac8e3,Mountain Expedition Challenge,e705dbd2-bec8-4e79-a37b-64df25a98aaf,7b27fe25-6c39-4ebc-b6ce-880db4753777,Take on the ultimate mountain expedition challenge. Conquer rugged peaks and experience the thrill of the wilderness.,https://plus.unsplash.com/premium_photo-1691533145440-b9ab802cba37?ixlib=rb-4.0.3&ixid=M3wxMjA3fDB8MHxlZGl0b3JpYWwtZmVlZHwzfHx8ZW58MHx8fHx8&auto=format&fit=crop&w=700&q=60,Test your limits in the world of mountaineering.,2023-09-25T12:10:00Z

9e824d6b-54c2-49cf-b849-f8f9ea0d85a3,Culinary Adventures Around the Globe,e705dbd2-bec8-4e79-a37b-64df25a98aaf,bbaef312-f316-4bea-b4d9-4a624a4d0637,Embark on a gastronomic journey around the world. Taste exotic flavors and savor international cuisine from different corners of the globe.,https://images.unsplash.com/photo-1693864844646-303f5fdb0c2d?ixlib=rb-4.0.3&ixid=M3wxMjA3fDB8MHxlZGl0b3JpYWwtZmVlZHw0fHx8ZW58MHx8fHx8&auto=format&fit=crop&w=700&q=60,Indulge in the diversity of global gastronomy.,2023-09-25T12:20:00Z

c3f3f64d-6e6a-4c2d-9d24-ef4736f9a21d,Exploring Underwater Wonders,e705dbd2-bec8-4e79-a37b-64df25a98aaf,82f4454f-dae8-4ddd-814d-90a92facdea4,Embark on an underwater adventure and explore the mysteries of the deep blue sea. Dive into a world of vibrant marine life and hidden treasures.,https://images.unsplash.com/photo-1694174965874-63a7737d4781?ixlib=rb-4.0.3&ixid=M3wxMjA3fDB8MHxlZGl0b3JpYWwtZmVlZHw1fHx8ZW58MHx8fHx8&auto=format&fit=crop&w=700&q=60,Discover the beauty beneath the waves.,2023-09-25T12:30:00Z

108af746-5e32-4d0d-b812-3a3d9a3be8d0,Capturing Moments Through the Lens,e705dbd2-bec8-4e79-a37b-64df25a98aaf,0bc5ad30-951d-4817-9ad7-97668b1cce03,Embark on a visual journey through the art of photography. Capture moments tell stories and create memories with the power of the lens.,https://plus.unsplash.com/premium_photo-1694114804831-33622a2eacc1?ixlib=rb-4.0.3&ixid=M3wxMjA3fDB8MHxlZGl0b3JpYWwtZmVlZHw4fHx8ZW58MHx8fHx8&auto=format&fit=crop&w=700&q=60,Unleash your creativity through photography.,2023-09-25T12:40:00Z

0f4c9058-1581-42f7-a6fc-8628e8a1b2ef,Journey into Ancient Civilizations,e705dbd2-bec8-4e79-a37b-64df25a98aaf,67531c0c-b098-41e1-8bc0-8a796679ae54,Embark on a historical journey through the enigmatic stories of ancient civilizations. Unlock the secrets of the past and delve into fascinating narratives.,https://images.unsplash.com/photo-1693817027569-908462a0bca1?ixlib=rb-4.0.3&ixid=M3wxMjA3fDB8MHxlZGl0b3JpYWwtZmVlZHw5fHx8ZW58MHx8fHx8&auto=format&fit=crop&w=700&q=60,Discover the rich history of ancient worlds.,2023-09-25T12:50:00Z

92b9b31c-aa36-4d9f-8a0e-3e7f63fb8d2d,Transform Your Lifestyle for Wellness,e705dbd2-bec8-4e79-a37b-64df25a98aaf,75c6114d-9461-4263-91f1-8fb815be0517,Embark on a journey to transform your life with fitness and well-being. Embrace a healthier lifestyle and find your path to wellness.,https://images.unsplash.com/photo-1694024259321-8822933a2366?ixlib=rb-4.0.3&ixid=M3wxMjA3fDB8MHxlZGl0b3JpYWwtZmVlZHwxMnx8fGVufDB8fHx8fA%3D%3D&auto=format&fit=crop&w=700&q=60,Start your wellness journey today.,2023-09-25T13:00:00Z

5b1aaaf7-4a90-4a2e-bdd2-8dfe6a3ed17b,Voyage through Cosmic Wonders,e705dbd2-bec8-4e79-a37b-64df25a98aaf,d32a01b5-5f73-434d-99a7-9cf3f583e469,Embark on a cosmic voyage beyond our world into the mysteries of the cosmos. Explore distant galaxies and unlock the secrets of the universe.,https://plus.unsplash.com/premium_photo-1693134639850-e1b2c3c5b2f1?ixlib=rb-4.0.3&ixid=M3wxMjA3fDB8MHxlZGl0b3JpYWwtZmVlZHwxM3x8fGVufDB8fHx8fA%3D%3D&auto=format&fit=crop&w=700&q=60,Discover the wonders of the cosmos.,2023-09-25T13:10:00Z

ec4e2e7f-34f1-4d5f-88e6-4bf1cde25a32,Immerse Yourself in the World of Literature,e705dbd2-bec8-4e79-a37b-64df25a98aaf,f9d45955-3292-4d03-beb8-ca2958474325,Get lost in the captivating world of literature and stories. Dive into tales of adventure romance and mystery.,https://images.unsplash.com/photo-1695485675227-3bb1f504e601?ixlib=rb-4.0.3&ixid=M3wxMjA3fDB8MHxlZGl0b3JpYWwtZmVlZHwxNHx8fGVufDB8fHx8fA%3D%3D&auto=format&fit=crop&w=500&q=60,Indulge in the magic of storytelling.,2023-09-25T13:20:00Z

a79a3df2-98d6-4c70-8501-d417501f90b3,Stay Updated with the Latest Technology Trends,e705dbd2-bec8-4e79-a37b-64df25a98aaf,efe2bf7e-7c69-4ca5-a64a-d0301b428a26,Stay updated on cutting-edge technology trends and innovations. Explore the world of tech and keep pace with the digital future and money,https://images.unsplash.com/photo-1693336429270-094637e16d38?ixlib=rb-4.0.3&ixid=M3wxMjA3fDB8MHxlZGl0b3JpYWwtZmVlZHwxNXx8fGVufDB8fHx8fA%3D%3D&auto=format&fit=crop&w=700&q=60,Stay ahead in the world of technology.,2023-09-25T13:30:00Z

87e2fc5d-88d0-4f7b-9f57-74e72e6d1fca,New Adventure Awaits,e705dbd2-bec8-4e79-a37b-64df25a98aaf,89773e5f-6d79-4d5a-b52a-e1395f3adacf,Experience a world of new adventures and discoveries. From uncharted territories to thrilling encounters embrace the excitement of the unknown.,https://images.unsplash.com/photo-1573879030843-d4b38a33131d?ixlib=rb-4.0.3&ixid=M3wxMjA3fDB8MHxjb2xsZWN0aW9uLXRodW1ibmFpbHx8NjI4NjA0fHxlbnwwfHx8fHw%3D&dpr=1&auto=format&fit=crop&w=294&h=294&q=60,Uncover the thrill of new experiences.,2023-09-25T13:40:00Z

24ce752e-9b4f-4ef2-bd50-8e59abf8d7a5,Exploring the Urban Jungle,e705dbd2-bec8-4e79-a37b-64df25a98aaf,e7953c6e-daaa-4fde-af88-2f4f806350d3,Embark on an exploration of the bustling urban jungle. Navigate city streets discover hidden gems and experience the heartbeat of the metropolis.,https://plus.unsplash.com/premium_photo-1686090449936-acfc6bc38f67?ixlib=rb-4.0.3&ixid=M3wxMjA3fDB8MHxlZGl0b3JpYWwtZmVlZHwxM3x8fGVufDB8fHx8fA%3D%3D&auto=format&fit=crop&w=500&q=60,Dive into the vibrant energy of the city.,2023-09-25T13:50:00Z

7e1a33c6-5d7d-4d58-a0e7-2b79d7f1e2e8,Artistic Expression through Paint,e705dbd2-bec8-4e79-a37b-64df25a98aaf,255744f0-2f24-4d0b-b8eb-234b59d8ee5d,Express your creativity through the art of painting. Let your imagination run wild on canvas and bring your visions to life with color and brushstrokes.,https://plus.unsplash.com/premium_photo-1686090448422-de8536066f64?ixlib=rb-4.0.3&ixid=M3wxMjA3fDB8MHxlZGl0b3JpYWwtZmVlZHwxMnx8fGVufDB8fHx8fA%3D%3D&auto=format&fit=crop&w=500&q=60,Unlock the artist within you.,2023-09-25T14:00:00Z

a97ef79d-6f5a-4d53-ae60-78aef0c66345,A Gourmet's Paradise,e705dbd2-bec8-4e79-a37b-64df25a98aaf,da9e0bdb-9eef-4ace-9caf-d535476c5407,Embark on a culinary journey to a gourmet's paradise. Savor exquisite dishes explore culinary masterpieces and indulge in the pleasures of fine dining.,https://plus.unsplash.com/premium_photo-1686090450467-3212162803e5?ixlib=rb-4.0.3&ixid=M3wxMjA3fDB8MHxlZGl0b3JpYWwtZmVlZHwxMHx8fGVufDB8fHx8fA%3D%3D&auto=format&fit=crop&w=500&q=60,Satisfy your culinary cravings.,2023-09-25T14:10:00Z

f312be58-906a-4b1e-8ad3-47173120f64c,Dive into Deep Sea Mysteries,e705dbd2-bec8-4e79-a37b-64df25a98aaf,efe2bf7e-7c69-4ca5-a64a-d0301b428a26,Embark on a thrilling dive into the mysteries of the deep sea. Encounter fascinating marine life ancient shipwrecks and underwater wonders.,https://images.unsplash.com/photo-1695606393084-9c4490ccf667?ixlib=rb-4.0.3&ixid=M3wxMjA3fDB8MHxlZGl0b3JpYWwtZmVlZHw5fHx8ZW58MHx8fHx8&auto=format&fit=crop&w=500&q=60,Explore the enigmatic world beneath the waves.,2023-09-25T14:20:00Z

c8b34245-73b7-4e7c-a914-1e32a29f687b,The World Through a Photographer's Lens,e705dbd2-bec8-4e79-a37b-64df25a98aaf,9d7b53f7-841e-4db9-826d-b15a0ee15860,Experience the world through the lens of a photographer. Capture breathtaking moments tell compelling stories and paint pictures with light.,https://images.unsplash.com/photo-1695250855818-35e8e46a940f?ixlib=rb-4.0.3&ixid=M3wxMjA3fDB8MHxlZGl0b3JpYWwtZmVlZHw4fHx8ZW58MHx8fHx8&auto=format&fit=crop&w=500&q=60,See the world from a new perspective.,2023-09-25T14:30:00Z

9ff67a4d-6c62-4bfe-9da7-ee21e581bae5,Uncovering Ancient Treasures,e705dbd2-bec8-4e79-a37b-64df25a98aaf,b9791382-6293-4762-ba1d-03d97addc10f,Embark on a journey to uncover ancient treasures and archaeological wonders. Delve into the history of civilizations and explore hidden relics of the past,https://images.unsplash.com/photo-1695531333347-96dd33685d1c?ixlib=rb-4.0.3&ixid=M3wxMjA3fDB8MHxlZGl0b3JpYWwtZmVlZHw3fHx8ZW58MHx8fHx8&auto=format&fit=crop&w=500&q=60,Discover the mysteries of ancient history.,2023-09-25T14:40:00Z

124a7b56-8cc4-4a0e-b09b-e1f07cf7ab20,Achieve Wellness and Balance,e705dbd2-bec8-4e79-a37b-64df25a98aaf,c2b7e1d6-a2cb-4569-a991-84a503640424,Embark on a path to achieve wellness and balance in your life. Prioritize self-care fitness and mental well-being to lead a healthier and happier lifestyle.,https://images.unsplash.com/photo-1695504237022-76e553bda8a3?ixlib=rb-4.0.3&ixid=M3wxMjA3fDB8MHxlZGl0b3JpYWwtZmVlZHw0fHx8ZW58MHx8fHx8&auto=format&fit=crop&w=500&q=60,Find your inner balance and well-being.,2023-09-25T14:50:00Z

5b2f109d-5ef6-4d31-897e-3c6b19dcd674,Stargazing Adventures,e705dbd2-bec8-4e79-a37b-64df25a98aaf,e820e404-9129-41ec-aaed-aa18b858912a,Embark on stargazing adventures and explore the wonders of the night sky. Witness celestial phenomena study constellations and connect with the cosmos.,https://images.unsplash.com/photo-1695457264650-c0bd2202fb5e?ixlib=rb-4.0.3&ixid=M3wxMjA3fDB8MHxlZGl0b3JpYWwtZmVlZHwzfHx8ZW58MHx8fHx8&auto=format&fit=crop&w=500&q=60,Discover the magic of the universe above.,2023-09-25T15:00:00Z

b783ffec-5059-4cb0-8493-6037d5ed786f,Literary Escapades,e705dbd2-bec8-4e79-a37b-64df25a98aaf,9d7b53f7-841e-4db9-826d-b15a0ee15860,Embark on literary escapades through captivating books and stories. Journey to far-off lands meet intriguing characters and immerse yourself in the world of literature.,https://plus.unsplash.com/premium_photo-1674675647518-10fb231b4635?ixlib=rb-4.0.3&ixid=M3wxMjA3fDB8MHxlZGl0b3JpYWwtZmVlZHwyfHx8ZW58MHx8fHx8&auto=format&fit=crop&w=500&q=60,Get lost in the pages of great books and tales.,2023-09-25T15:10:00Z
